url,title,rule,interval,owner,backup,recheck_by,decision_served,delivery_policy,maintenance_owner,capture_scope
https://clinicaltrials.gov/search?cond=Obesity&aggFilters=phase%3A3&sort=StudyFirstPostDate&limit=100,New Phase 3 obesity studies (ClinicalTrials.gov),"Alert me when a new Phase 3 obesity study is first posted. Report the NCT number, title, first-posted date, and published recruitment status. Link to the study record.",1440,unassigned,unassigned,Before enabling; before the 17 September session; then at the agreed review cadence,Choose before enabling,,unassigned,Discovery/listing
https://clinicaltrials.gov/study/NCT07311850,Trial record example (replace with your NCT),"Alert me when this record changes recruitment status, primary completion date, enrollment, trial arms, eligibility, primary outcomes, or posted results. Report the changed field and old and new published values where available; retain estimated or actual qualifiers. Link to the record and separate unverified explanations.",1440,unassigned,unassigned,Before enabling; before the 17 September session; then at the agreed review cadence,Choose before enabling,,unassigned,Known record
https://www.pfizer.com/science/drug-product-pipeline,Pfizer pipeline,"Alert me when a program or indication is added or removed, changes phase, or changes published status. Identify the program and the old and new values where shown. Link to the pipeline source.",1440,unassigned,unassigned,Before enabling; before the 17 September session; then at the agreed review cadence,Choose before enabling,,unassigned,Discovery/listing
https://www.novartis.com/research-development/novartis-pipeline?page=0,Novartis pipeline p1,"Alert me when a project or indication is added or removed, changes phase, or changes a published filing date. Identify the project and the old and new values where shown. Link to this pipeline page.",1440,unassigned,unassigned,Before enabling; before the 17 September session; then at the agreed review cadence,Choose before enabling,,unassigned,Discovery/listing
https://www.novartis.com/research-development/novartis-pipeline?page=1,Novartis pipeline p2,"Alert me when a project or indication is added or removed, changes phase, or changes a published filing date. Identify the project and the old and new values where shown. Link to this pipeline page.",1440,unassigned,unassigned,Before enabling; before the 17 September session; then at the agreed review cadence,Choose before enabling,,unassigned,Discovery/listing
https://euclinicaltrials.eu/ctis-public/view/2025-523657-34-00,CTIS trial record (example),"Alert me when this public trial record changes country status, key dates, or publishes new results or documents. Identify the exact field or document and its published date. Report only information actually visible in the public record; keep explanations separate.",1440,unassigned,unassigned,Before enabling; before the 17 September session; then at the agreed review cadence,Choose before enabling,,unassigned,Known record
https://www.fda.gov/drugs/novel-drug-approvals-fda/novel-drug-approvals-2026,FDA novel drug approvals 2026,"Alert me when a new entry is added to the 2026 novel drug approvals list. Report the ingredient, approval date, and indication as published, with the source link.",1440,unassigned,unassigned,Before enabling; before the 17 September session; then at the agreed review cadence,Choose before enabling,,unassigned,Discovery/listing
https://www.fda.gov/advisory-committees/advisory-committee-calendar,FDA advisory committee calendar,"Alert me when a meeting is added or its date, start time, location, agenda, or briefing-material availability changes for [drug, sponsor, indication, or class]. Report the published old and new values where available and link to the meeting notice.",1440,unassigned,unassigned,Before enabling; before the 17 September session; then at the agreed review cadence,Choose before enabling,,unassigned,Discovery/listing
https://www.fda.gov/inspections-compliance-enforcement-and-criminal-investigations/compliance-actions-and-activities/warning-letters,FDA warning letters,"Alert me when a new warning letter involves CDER or CBER and matches [product, company, or issue]. Report its date, subject, and source link. Describe the published issue without inferring an unannounced enforcement outcome.",1440,unassigned,unassigned,Before enabling; before the 17 September session; then at the agreed review cadence,Choose before enabling,,unassigned,Discovery/listing
https://www.ema.europa.eu/en/news,EMA news / CHMP outcomes,"Alert me when EMA publishes a CHMP opinion or variation-application update in [therapeutic area]. Report the asset, indication, jurisdiction, document status, and publication date. Distinguish an application withdrawal from a change to existing authorization.",1440,unassigned,unassigned,Before enabling; before the 17 September session; then at the agreed review cadence,Choose before enabling,,unassigned,Discovery/listing
https://www.fda.gov/drugs/warning-letters-and-notice-violation-letters-pharmaceutical-companies/untitled-letters,FDA OPDP untitled letters,"Alert me when a new OPDP untitled letter is posted for [product or company]. Report the publication date, product, issue, and communication channel where stated, with the source link.",1440,unassigned,unassigned,Before enabling; before the 17 September session; then at the agreed review cadence,Choose before enabling,,unassigned,Discovery/listing
https://meetings.asco.org/abstracts-presentations,ASCO abstracts & presentations,"Alert me when [congress and year] adds abstract titles, presentations, or late-breaking sessions matching [topic]. Report the title, abstract or session identifier, posted date if stated, and source link.",1440,unassigned,unassigned,Before enabling; before the 17 September session; then at the agreed review cadence,Choose before enabling,,unassigned,Discovery/listing
https://www.esmo.org/meeting-calendar/esmo-congress-2026/programme,ESMO Congress 2026 programme,"Alert me when ESMO Congress 2026 adds, removes, or reschedules a session or abstract matching [topic]. Report the title, identifier, and published old and new details, with the source link.",1440,unassigned,unassigned,Before enabling; before the 17 September session; then at the agreed review cadence,Choose before enabling,,unassigned,Discovery/listing
https://www.aacr.org/meeting/aacr-annual-meeting-2027/,AACR Annual Meeting 2027,"Alert me when AACR Annual Meeting 2027 publishes or changes abstract-submission dates, programme details, or late-breaking information. Report the published details and source link.",1440,unassigned,unassigned,Before enabling; before the 17 September session; then at the agreed review cadence,Choose before enabling,,unassigned,Discovery/listing
https://www.nice.org.uk/guidance/indevelopment/gid-ta11221,NICE appraisal example (replace with your GID),"Alert me when this NICE appraisal changes status, expected dates, documents, or recommendation. Identify draft or final status, the exact change, and the source date. Keep document maintenance separate from a new recommendation.",1440,unassigned,unassigned,Before enabling; before the 17 September session; then at the agreed review cadence,Choose before enabling,,unassigned,Known record
https://www.cda-amc.ca/reimbursement-review-reports,CDA-AMC reimbursement reviews,"Alert me when a reimbursement review is added or changes status or recommendation for [drug and indication]. Preserve draft or final status, the publication date, and the source link.",1440,unassigned,unassigned,Before enabling; before the 17 September session; then at the agreed review cadence,Choose before enabling,,unassigned,Discovery/listing
https://www.g-ba.de/themen/arzneimittel/arzneimittel-richtlinie-anlagen/nutzenbewertung-35a/,G-BA §35a benefit assessments,"Alert me when a benefit-assessment resolution is published or revised for [drug and indication]. Report the ingredient, indication, published assessment category, and resolution date. Link to the resolution.",1440,unassigned,unassigned,Before enabling; before the 17 September session; then at the agreed review cadence,Choose before enabling,,unassigned,Discovery/listing
https://icer.org/explore-our-research/assessments/,ICER assessments,"Alert me when an assessment in [area] is announced or publishes a draft, evidence report, or final report. Report the stage, publication date, and source link.",1440,unassigned,unassigned,Before enabling; before the 17 September session; then at the agreed review cadence,Choose before enabling,,unassigned,Discovery/listing
https://www.nccn.org/updates,NCCN guideline updates,"Alert me when a guideline for [tumor type] publishes a new version or update. Identify the version, publication date, and changed section if accessible. Flag unavailable source text for review.",1440,unassigned,unassigned,Before enabling; before the 17 September session; then at the agreed review cadence,Choose before enabling,,unassigned,Discovery/listing
https://www.pfizer.com/newsroom/press-releases,Pfizer press releases,"Alert me when a new release matches [product or indication] and reports trial data, regulatory action, a partnership, or a launch. Report the announcement date and stated event separately, with the source link.",1440,unassigned,unassigned,Before enabling; before the 17 September session; then at the agreed review cadence,Choose before enabling,,unassigned,Discovery/listing
https://investor.lilly.com/webcasts-and-presentations,Lilly webcasts & presentations,"Alert me when a new investor event or data-readout webcast is announced or its schedule changes. Report the event date, time, topic, and source link; preserve the time zone.",1440,unassigned,unassigned,Before enabling; before the 17 September session; then at the agreed review cadence,Choose before enabling,,unassigned,Discovery/listing
https://www.pfizer.com/,Pfizer homepage campaign messaging,"Alert me when campaign wording, an image, product prominence, a claim, or a call to action changes in the selected region. Identify the visible edit, however small, and report the source link. Describe the message without inferring its commercial effect.",1440,unassigned,unassigned,Before enabling; then at the agreed review cadence,Choose before enabling,,unassigned,Page/announcement listing
https://www.cvshealth.com/services,CVS Health service and availability announcements,"Alert me when a service or product availability announcement is added or changes for [product or service]. Report the visible headline, stated publication date, location and offer details where shown. Link to the announcement; do not infer current local stock from the listing.",1440,unassigned,unassigned,Before enabling; then at the agreed review cadence,Choose before enabling,,unassigned,Page/announcement listing
